[{"model": "admin.logentry", "pk": 1, "fields": {"action_time": "2022-05-29T11:12:46.237Z", "user": 1, "content_type": 13, "object_id": "1", "object_repr": "Подписка 1", "action_flag": 1, "change_message": "[{\"added\": {}}]"}}, {"model": "admin.logentry", "pk": 2, "fields": {"action_time": "2022-05-29T11:12:50.750Z", "user": 1, "content_type": 13, "object_id": "2", "object_repr": "Подписка 2", "action_flag": 1, "change_message": "[{\"added\": {}}]"}}, {"model": "admin.logentry", "pk": 3, "fields": {"action_time": "2022-05-29T11:12:53.612Z", "user": 1, "content_type": 13, "object_id": "3", "object_repr": "Подписка 3", "action_flag": 1, "change_message": "[{\"added\": {}}]"}}, {"model": "admin.logentry", "pk": 4, "fields": {"action_time": "2022-05-29T11:12:55.392Z", "user": 1, "content_type": 13, "object_id": "4", "object_repr": "Подписка 4", "action_flag": 1, "change_message": "[{\"added\": {}}]"}}, {"model": "admin.logentry", "pk": 5, "fields": {"action_time": "2022-05-29T11:13:27.411Z", "user": 1, "content_type": 19, "object_id": "1", "object_repr": "participant=1 subscription=1 user=User 1 actor=User 2", "action_flag": 1, "change_message": "[{\"added\": {}}]"}}, {"model": "admin.logentry", "pk": 6, "fields": {"action_time": "2022-05-29T11:13:39.721Z", "user": 1, "content_type": 19, "object_id": "2", "object_repr": "participant=2 subscription=1 user=User 1 actor=User 4", "action_flag": 1, "change_message": "[{\"added\": {}}]"}}, {"model": "admin.logentry", "pk": 7, "fields": {"action_time": "2022-05-29T11:13:49.275Z", "user": 1, "content_type": 19, "object_id": "3", "object_repr": "participant=3 subscription=1 user=User 1 actor=User 6", "action_flag": 1, "change_message": "[{\"added\": {}}]"}}, {"model": "admin.logentry", "pk": 8, "fields": {"action_time": "2022-05-29T11:14:04.384Z", "user": 1, "content_type": 19, "object_id": "4", "object_repr": "participant=4 subscription=2 user=User 2 actor=User 1", "action_flag": 1, "change_message": "[{\"added\": {}}]"}}, {"model": "admin.logentry", "pk": 9, "fields": {"action_time": "2022-05-29T11:14:19.310Z", "user": 1, "content_type": 19, "object_id": "5", "object_repr": "participant=5 subscription=3 user=User 3 actor=User 4", "action_flag": 1, "change_message": "[{\"added\": {}}]"}}, {"model": "admin.logentry", "pk": 10, "fields": {"action_time": "2022-05-29T11:14:31.828Z", "user": 1, "content_type": 19, "object_id": "6", "object_repr": "participant=6 subscription=4 user=User 4 actor=User 1", "action_flag": 1, "change_message": "[{\"added\": {}}]"}}, {"model": "admin.logentry", "pk": 11, "fields": {"action_time": "2022-05-29T11:14:42.005Z", "user": 1, "content_type": 19, "object_id": "7", "object_repr": "participant=7 subscription=4 user=User 4 actor=User 2", "action_flag": 1, "change_message": "[{\"added\": {}}]"}}, {"model": "admin.logentry", "pk": 12, "fields": {"action_time": "2022-05-29T11:14:56.805Z", "user": 1, "content_type": 19, "object_id": "8", "object_repr": "participant=8 subscription=4 user=User 4 actor=User 3", "action_flag": 1, "change_message": "[{\"added\": {}}]"}}, {"model": "admin.logentry", "pk": 13, "fields": {"action_time": "2022-05-29T11:15:06.078Z", "user": 1, "content_type": 19, "object_id": "9", "object_repr": "participant=9 subscription=4 user=User 4 actor=User 5", "action_flag": 1, "change_message": "[{\"added\": {}}]"}}, {"model": "admin.logentry", "pk": 14, "fields": {"action_time": "2022-05-29T11:15:12.145Z", "user": 1, "content_type": 19, "object_id": "10", "object_repr": "participant=10 subscription=4 user=User 4 actor=User 6", "action_flag": 1, "change_message": "[{\"added\": {}}]"}}, {"model": "auth.permission", "pk": 1, "fields": {"name": "Can add log entry", "content_type": 1, "codename": "add_logentry"}}, {"model": "auth.permission", "pk": 2, "fields": {"name": "Can change log entry", "content_type": 1, "codename": "change_logentry"}}, {"model": "auth.permission", "pk": 3, "fields": {"name": "Can delete log entry", "content_type": 1, "codename": "delete_logentry"}}, {"model": "auth.permission", "pk": 4, "fields": {"name": "Can view log entry", "content_type": 1, "codename": "view_logentry"}}, {"model": "auth.permission", "pk": 5, "fields": {"name": "Can add permission", "content_type": 2, "codename": "add_permission"}}, {"model": "auth.permission", "pk": 6, "fields": {"name": "Can change permission", "content_type": 2, "codename": "change_permission"}}, {"model": "auth.permission", "pk": 7, "fields": {"name": "Can delete permission", "content_type": 2, "codename": "delete_permission"}}, {"model": "auth.permission", "pk": 8, "fields": {"name": "Can view permission", "content_type": 2, "codename": "view_permission"}}, {"model": "auth.permission", "pk": 9, "fields": {"name": "Can add group", "content_type": 3, "codename": "add_group"}}, {"model": "auth.permission", "pk": 10, "fields": {"name": "Can change group", "content_type": 3, "codename": "change_group"}}, {"model": "auth.permission", "pk": 11, "fields": {"name": "Can delete group", "content_type": 3, "codename": "delete_group"}}, {"model": "auth.permission", "pk": 12, "fields": {"name": "Can view group", "content_type": 3, "codename": "view_group"}}, {"model": "auth.permission", "pk": 13, "fields": {"name": "Can add user", "content_type": 4, "codename": "add_user"}}, {"model": "auth.permission", "pk": 14, "fields": {"name": "Can change user", "content_type": 4, "codename": "change_user"}}, {"model": "auth.permission", "pk": 15, "fields": {"name": "Can delete user", "content_type": 4, "codename": "delete_user"}}, {"model": "auth.permission", "pk": 16, "fields": {"name": "Can view user", "content_type": 4, "codename": "view_user"}}, {"model": "auth.permission", "pk": 17, "fields": {"name": "Can add content type", "content_type": 5, "codename": "add_contenttype"}}, {"model": "auth.permission", "pk": 18, "fields": {"name": "Can change content type", "content_type": 5, "codename": "change_contenttype"}}, {"model": "auth.permission", "pk": 19, "fields": {"name": "Can delete content type", "content_type": 5, "codename": "delete_contenttype"}}, {"model": "auth.permission", "pk": 20, "fields": {"name": "Can view content type", "content_type": 5, "codename": "view_contenttype"}}, {"model": "auth.permission", "pk": 21, "fields": {"name": "Can add session", "content_type": 6, "codename": "add_session"}}, {"model": "auth.permission", "pk": 22, "fields": {"name": "Can change session", "content_type": 6, "codename": "change_session"}}, {"model": "auth.permission", "pk": 23, "fields": {"name": "Can delete session", "content_type": 6, "codename": "delete_session"}}, {"model": "auth.permission", "pk": 24, "fields": {"name": "Can view session", "content_type": 6, "codename": "view_session"}}, {"model": "auth.permission", "pk": 25, "fields": {"name": "Can add site", "content_type": 7, "codename": "add_site"}}, {"model": "auth.permission", "pk": 26, "fields": {"name": "Can change site", "content_type": 7, "codename": "change_site"}}, {"model": "auth.permission", "pk": 27, "fields": {"name": "Can delete site", "content_type": 7, "codename": "delete_site"}}, {"model": "auth.permission", "pk": 28, "fields": {"name": "Can view site", "content_type": 7, "codename": "view_site"}}, {"model": "auth.permission", "pk": 29, "fields": {"name": "Can add email address", "content_type": 8, "codename": "add_emailaddress"}}, {"model": "auth.permission", "pk": 30, "fields": {"name": "Can change email address", "content_type": 8, "codename": "change_emailaddress"}}, {"model": "auth.permission", "pk": 31, "fields": {"name": "Can delete email address", "content_type": 8, "codename": "delete_emailaddress"}}, {"model": "auth.permission", "pk": 32, "fields": {"name": "Can view email address", "content_type": 8, "codename": "view_emailaddress"}}, {"model": "auth.permission", "pk": 33, "fields": {"name": "Can add email confirmation", "content_type": 9, "codename": "add_emailconfirmation"}}, {"model": "auth.permission", "pk": 34, "fields": {"name": "Can change email confirmation", "content_type": 9, "codename": "change_emailconfirmation"}}, {"model": "auth.permission", "pk": 35, "fields": {"name": "Can delete email confirmation", "content_type": 9, "codename": "delete_emailconfirmation"}}, {"model": "auth.permission", "pk": 36, "fields": {"name": "Can view email confirmation", "content_type": 9, "codename": "view_emailconfirmation"}}, {"model": "auth.permission", "pk": 37, "fields": {"name": "Can add social account", "content_type": 10, "codename": "add_socialaccount"}}, {"model": "auth.permission", "pk": 38, "fields": {"name": "Can change social account", "content_type": 10, "codename": "change_socialaccount"}}, {"model": "auth.permission", "pk": 39, "fields": {"name": "Can delete social account", "content_type": 10, "codename": "delete_socialaccount"}}, {"model": "auth.permission", "pk": 40, "fields": {"name": "Can view social account", "content_type": 10, "codename": "view_socialaccount"}}, {"model": "auth.permission", "pk": 41, "fields": {"name": "Can add social application", "content_type": 11, "codename": "add_socialapp"}}, {"model": "auth.permission", "pk": 42, "fields": {"name": "Can change social application", "content_type": 11, "codename": "change_socialapp"}}, {"model": "auth.permission", "pk": 43, "fields": {"name": "Can delete social application", "content_type": 11, "codename": "delete_socialapp"}}, {"model": "auth.permission", "pk": 44, "fields": {"name": "Can view social application", "content_type": 11, "codename": "view_socialapp"}}, {"model": "auth.permission", "pk": 45, "fields": {"name": "Can add social application token", "content_type": 12, "codename": "add_socialtoken"}}, {"model": "auth.permission", "pk": 46, "fields": {"name": "Can change social application token", "content_type": 12, "codename": "change_socialtoken"}}, {"model": "auth.permission", "pk": 47, "fields": {"name": "Can delete social application token", "content_type": 12, "codename": "delete_socialtoken"}}, {"model": "auth.permission", "pk": 48, "fields": {"name": "Can view social application token", "content_type": 12, "codename": "view_socialtoken"}}, {"model": "auth.permission", "pk": 49, "fields": {"name": "Can add subscription", "content_type": 13, "codename": "add_subscription"}}, {"model": "auth.permission", "pk": 50, "fields": {"name": "Can change subscription", "content_type": 13, "codename": "change_subscription"}}, {"model": "auth.permission", "pk": 51, "fields": {"name": "Can delete subscription", "content_type": 13, "codename": "delete_subscription"}}, {"model": "auth.permission", "pk": 52, "fields": {"name": "Can view subscription", "content_type": 13, "codename": "view_subscription"}}, {"model": "auth.permission", "pk": 53, "fields": {"name": "Can add user", "content_type": 14, "codename": "add_user"}}, {"model": "auth.permission", "pk": 54, "fields": {"name": "Can change user", "content_type": 14, "codename": "change_user"}}, {"model": "auth.permission", "pk": 55, "fields": {"name": "Can delete user", "content_type": 14, "codename": "delete_user"}}, {"model": "auth.permission", "pk": 56, "fields": {"name": "Can view user", "content_type": 14, "codename": "view_user"}}, {"model": "auth.permission", "pk": 57, "fields": {"name": "Can add video_clip", "content_type": 15, "codename": "add_video_clip"}}, {"model": "auth.permission", "pk": 58, "fields": {"name": "Can change video_clip", "content_type": 15, "codename": "change_video_clip"}}, {"model": "auth.permission", "pk": 59, "fields": {"name": "Can delete video_clip", "content_type": 15, "codename": "delete_video_clip"}}, {"model": "auth.permission", "pk": 60, "fields": {"name": "Can view video_clip", "content_type": 15, "codename": "view_video_clip"}}, {"model": "auth.permission", "pk": 61, "fields": {"name": "Can add like", "content_type": 16, "codename": "add_like"}}, {"model": "auth.permission", "pk": 62, "fields": {"name": "Can change like", "content_type": 16, "codename": "change_like"}}, {"model": "auth.permission", "pk": 63, "fields": {"name": "Can delete like", "content_type": 16, "codename": "delete_like"}}, {"model": "auth.permission", "pk": 64, "fields": {"name": "Can view like", "content_type": 16, "codename": "view_like"}}, {"model": "auth.permission", "pk": 65, "fields": {"name": "Can add comment", "content_type": 17, "codename": "add_comment"}}, {"model": "auth.permission", "pk": 66, "fields": {"name": "Can change comment", "content_type": 17, "codename": "change_comment"}}, {"model": "auth.permission", "pk": 67, "fields": {"name": "Can delete comment", "content_type": 17, "codename": "delete_comment"}}, {"model": "auth.permission", "pk": 68, "fields": {"name": "Can view comment", "content_type": 17, "codename": "view_comment"}}, {"model": "auth.permission", "pk": 69, "fields": {"name": "Can add ban", "content_type": 18, "codename": "add_ban"}}, {"model": "auth.permission", "pk": 70, "fields": {"name": "Can change ban", "content_type": 18, "codename": "change_ban"}}, {"model": "auth.permission", "pk": 71, "fields": {"name": "Can delete ban", "content_type": 18, "codename": "delete_ban"}}, {"model": "auth.permission", "pk": 72, "fields": {"name": "Can view ban", "content_type": 18, "codename": "view_ban"}}, {"model": "auth.permission", "pk": 73, "fields": {"name": "Can add participant", "content_type": 19, "codename": "add_participant"}}, {"model": "auth.permission", "pk": 74, "fields": {"name": "Can change participant", "content_type": 19, "codename": "change_participant"}}, {"model": "auth.permission", "pk": 75, "fields": {"name": "Can delete participant", "content_type": 19, "codename": "delete_participant"}}, {"model": "auth.permission", "pk": 76, "fields": {"name": "Can view participant", "content_type": 19, "codename": "view_participant"}}, {"model": "auth.user", "pk": 1, "fields": {"password": "pbkdf2_sha256$320000$Xli0KJGkImWlmJwx3c9lj8$tArClK5exyYsfIKp3UlcqNMrfca6toDTKrBqr7GQZB0=", "last_login": "2022-05-29T11:11:51.521Z", "is_superuser": true, "username": "admin", "first_name": "", "last_name": "", "email": "admin@admin.ru", "is_staff": true, "is_active": true, "date_joined": "2022-05-29T11:11:29.080Z", "groups": [], "user_permissions": []}}, {"model": "contenttypes.contenttype", "pk": 1, "fields": {"app_label": "admin", "model": "logentry"}}, {"model": "contenttypes.contenttype", "pk": 2, "fields": {"app_label": "auth", "model": "permission"}}, {"model": "contenttypes.contenttype", "pk": 3, "fields": {"app_label": "auth", "model": "group"}}, {"model": "contenttypes.contenttype", "pk": 4, "fields": {"app_label": "auth", "model": "user"}}, {"model": "contenttypes.contenttype", "pk": 5, "fields": {"app_label": "contenttypes", "model": "contenttype"}}, {"model": "contenttypes.contenttype", "pk": 6, "fields": {"app_label": "sessions", "model": "session"}}, {"model": "contenttypes.contenttype", "pk": 7, "fields": {"app_label": "sites", "model": "site"}}, {"model": "contenttypes.contenttype", "pk": 8, "fields": {"app_label": "account", "model": "emailaddress"}}, {"model": "contenttypes.contenttype", "pk": 9, "fields": {"app_label": "account", "model": "emailconfirmation"}}, {"model": "contenttypes.contenttype", "pk": 10, "fields": {"app_label": "socialaccount", "model": "socialaccount"}}, {"model": "contenttypes.contenttype", "pk": 11, "fields": {"app_label": "socialaccount", "model": "socialapp"}}, {"model": "contenttypes.contenttype", "pk": 12, "fields": {"app_label": "socialaccount", "model": "socialtoken"}}, {"model": "contenttypes.contenttype", "pk": 13, "fields": {"app_label": "videohosting", "model": "subscription"}}, {"model": "contenttypes.contenttype", "pk": 14, "fields": {"app_label": "videohosting", "model": "user"}}, {"model": "contenttypes.contenttype", "pk": 15, "fields": {"app_label": "videohosting", "model": "video_clip"}}, {"model": "contenttypes.contenttype", "pk": 16, "fields": {"app_label": "videohosting", "model": "like"}}, {"model": "contenttypes.contenttype", "pk": 17, "fields": {"app_label": "videohosting", "model": "comment"}}, {"model": "contenttypes.contenttype", "pk": 18, "fields": {"app_label": "videohosting", "model": "ban"}}, {"model": "contenttypes.contenttype", "pk": 19, "fields": {"app_label": "videohosting", "model": "participant"}}, {"model": "sessions.session", "pk": "btw0let4j08nl90xi47hibznvs8q19ly", "fields": {"session_data": ".eJxVjDsOwjAQBe_iGlle2U5kSnrOEL31rnEAxVI-FeLuECkFtG9m3ssM2NY6bIvOwyjmbMicfjdGfui0A7ljujWb27TOI9tdsQdd7LWJPi-H-3dQsdRvHToXkAMzSUTgIl4oko-qhVWS71MEqAM5AhVAXQH3KWmW2Kcs5v0BBqg5OQ:1nvGpr:1JXUKY2XDSfaoZA_hSrgl2aGgX41AmzFmfzWZvhM2Kc", "expire_date": "2022-06-12T11:11:51.526Z"}}, {"model": "sites.site", "pk": 1, "fields": {"domain": "example.com", "name": "example.com"}}, {"model": "videohosting.user", "pk": 1, "fields": {"name": "User 1", "surname": "Surname of User1", "create_time": "2022-05-29T04:55:57.510Z"}}, {"model": "videohosting.user", "pk": 2, "fields": {"name": "User 2", "surname": "Surname of User2", "create_time": "2022-05-29T05:06:11.737Z"}}, {"model": "videohosting.user", "pk": 3, "fields": {"name": "User 3", "surname": "Surname of User3", "create_time": "2022-05-29T05:06:26.170Z"}}, {"model": "videohosting.user", "pk": 4, "fields": {"name": "User 4", "surname": "Surname of User4", "create_time": "2022-05-29T05:06:37.278Z"}}, {"model": "videohosting.user", "pk": 5, "fields": {"name": "User 5", "surname": "Surname of User5", "create_time": "2022-05-29T05:06:47.958Z"}}, {"model": "videohosting.user", "pk": 6, "fields": {"name": "User 6", "surname": "Surname of User6", "create_time": "2022-05-29T05:07:27.639Z"}}, {"model": "videohosting.subscription", "pk": 1, "fields": {}}, {"model": "videohosting.subscription", "pk": 2, "fields": {}}, {"model": "videohosting.subscription", "pk": 3, "fields": {}}, {"model": "videohosting.subscription", "pk": 4, "fields": {}}, {"model": "videohosting.participant", "pk": 1, "fields": {"subscription": 1, "user": 1, "actor": 2}}, {"model": "videohosting.participant", "pk": 2, "fields": {"subscription": 1, "user": 1, "actor": 4}}, {"model": "videohosting.participant", "pk": 3, "fields": {"subscription": 1, "user": 1, "actor": 6}}, {"model": "videohosting.participant", "pk": 4, "fields": {"subscription": 2, "user": 2, "actor": 1}}, {"model": "videohosting.participant", "pk": 5, "fields": {"subscription": 3, "user": 3, "actor": 4}}, {"model": "videohosting.participant", "pk": 6, "fields": {"subscription": 4, "user": 4, "actor": 1}}, {"model": "videohosting.participant", "pk": 7, "fields": {"subscription": 4, "user": 4, "actor": 2}}, {"model": "videohosting.participant", "pk": 8, "fields": {"subscription": 4, "user": 4, "actor": 3}}, {"model": "videohosting.participant", "pk": 9, "fields": {"subscription": 4, "user": 4, "actor": 5}}, {"model": "videohosting.participant", "pk": 10, "fields": {"subscription": 4, "user": 4, "actor": 6}}, {"model": "videohosting.video_clip", "pk": 1, "fields": {"title": "Video clip 1", "description": "Description of video clip 1", "create_time": "2022-05-29T04:56:11.309Z", "user": 1}}, {"model": "videohosting.video_clip", "pk": 2, "fields": {"title": "Video clip 2", "description": "Description of video clip 2", "create_time": "2022-05-29T05:08:09.963Z", "user": 2}}, {"model": "videohosting.video_clip", "pk": 3, "fields": {"title": "Video clip 3", "description": "Description of video clip 3", "create_time": "2022-05-29T05:08:35.800Z", "user": 3}}, {"model": "videohosting.video_clip", "pk": 4, "fields": {"title": "Video clip 4", "description": "Description of video clip 4", "create_time": "2022-05-29T05:08:50.184Z", "user": 4}}, {"model": "videohosting.video_clip", "pk": 5, "fields": {"title": "Video clip 5", "description": "Description of video clip 5", "create_time": "2022-05-29T05:09:03.128Z", "user": 5}}, {"model": "videohosting.video_clip", "pk": 6, "fields": {"title": "Video clip 6_u1", "description": "Description of video clip 6_u1", "create_time": "2022-05-29T05:09:42.913Z", "user": 1}}, {"model": "videohosting.video_clip", "pk": 7, "fields": {"title": "Video clip 7_u1", "description": "Description of video clip 7_u1", "create_time": "2022-05-29T05:09:59.806Z", "user": 1}}, {"model": "videohosting.video_clip", "pk": 8, "fields": {"title": "Video clip 8_u1", "description": "Description of video clip 8_u1", "create_time": "2022-05-29T05:10:19.847Z", "user": 1}}, {"model": "videohosting.video_clip", "pk": 9, "fields": {"title": "Video clip 9_u1", "description": "Description of video clip 9_u1", "create_time": "2022-05-29T05:10:44.852Z", "user": 2}}, {"model": "videohosting.ban", "pk": 1, "fields": {"banned": false, "user": 1}}, {"model": "videohosting.ban", "pk": 2, "fields": {"banned": false, "user": 2}}, {"model": "videohosting.ban", "pk": 3, "fields": {"banned": false, "user": 3}}, {"model": "videohosting.ban", "pk": 4, "fields": {"banned": false, "user": 4}}, {"model": "videohosting.ban", "pk": 5, "fields": {"banned": false, "user": 5}}, {"model": "videohosting.ban", "pk": 6, "fields": {"banned": true, "user": 6}}, {"model": "videohosting.like", "pk": 1, "fields": {"like": 0, "dislike": 0, "user": 1}}, {"model": "videohosting.comment", "pk": 1, "fields": {"title": "Comments 1", "description": "Description of commetns 1", "create_time": "2022-05-29T04:56:57.074Z", "user": 1, "video_clip": 1}}, {"model": "videohosting.comment", "pk": 2, "fields": {"title": "Comments 2", "description": "Description of commetns 2", "create_time": "2022-05-29T05:12:02.274Z", "user": 6, "video_clip": 1}}, {"model": "videohosting.comment", "pk": 3, "fields": {"title": "Comments 3", "description": "Description of commetns 3", "create_time": "2022-05-29T05:12:20.777Z", "user": 1, "video_clip": 1}}, {"model": "videohosting.comment", "pk": 4, "fields": {"title": "Comments 4", "description": "Description of commetns 4", "create_time": "2022-05-29T05:12:51.712Z", "user": 2, "video_clip": 2}}]